x-axis,1
second,Volt
-500.0000E-09,+3.2886431403458E+00
-499.5000E-09,+3.3087436426431E+00
-499.0000E-09,+3.3288441449404E+00
-498.5000E-09,+3.3288441449404E+00
-498.0000E-09,+3.3288441449404E+00
-497.5000E-09,+3.3288441449404E+00
-497.0000E-09,+3.2886431403458E+00
-496.5000E-09,+3.2886431403458E+00
-496.0000E-09,+3.2886431403458E+00
-495.5000E-09,+3.2886431403458E+00
-495.0000E-09,+3.2886431403458E+00
-494.5000E-09,+3.2886431403458E+00
-494.0000E-09,+3.2886431403458E+00
-493.5000E-09,+3.2886431403458E+00
-493.0000E-09,+3.2886431403459E+00
-492.5000E-09,+3.3288441449404E+00
-492.0000E-09,+3.3288441449404E+00
-491.5000E-09,+3.3288441449404E+00
-491.0000E-09,+3.3288441449404E+00
-490.5000E-09,+3.3288441449404E+00
-490.0000E-09,+3.3288441449404E+00
-489.5000E-09,+3.3087436426430E+00
-489.0000E-09,+3.3288441449404E+00
-488.5000E-09,+3.2886431403458E+00
-488.0000E-09,+3.2886431403458E+00
-487.5000E-09,+3.2886431403458E+00
-487.0000E-09,+3.2886431403458E+00
-486.5000E-09,+3.2886431403458E+00
-486.0000E-09,+3.2886431403458E+00
-485.5000E-09,+3.2886431403458E+00
-485.0000E-09,+3.3288441449404E+00
-484.5000E-09,+3.3288441449404E+00
-484.0000E-09,+3.3288441449404E+00
-483.5000E-09,+3.3087436426429E+00
-483.0000E-09,+3.2886431403458E+00
-482.5000E-09,+3.2886431403458E+00
-482.0000E-09,+3.2886431403458E+00
-481.5000E-09,+3.2886431403458E+00
-481.0000E-09,+3.2886431403461E+00
-480.5000E-09,+3.3288441449404E+00
-480.0000E-09,+3.3288441449404E+00
-479.5000E-09,+3.3288441449404E+00
-479.0000E-09,+3.3288441449404E+00
-478.5000E-09,+3.3288441449404E+00
-478.0000E-09,+3.3288441449404E+00
-477.5000E-09,+3.3288441449404E+00
-477.0000E-09,+3.3288441449404E+00
-476.5000E-09,+3.3288441449404E+00
-476.0000E-09,+3.3288441449401E+00
-475.5000E-09,+3.3087436426434E+00
-475.0000E-09,+3.3288441449404E+00
-474.5000E-09,+3.3288441449404E+00
-474.0000E-09,+3.3288441449404E+00
-473.5000E-09,+3.3288441449404E+00
-473.0000E-09,+3.3288441449404E+00
-472.5000E-09,+3.3288441449404E+00
-472.0000E-09,+3.3288441449404E+00
-471.5000E-09,+3.3288441449404E+00
-471.0000E-09,+3.2886431403458E+00
-470.5000E-09,+3.2886431403458E+00
-470.0000E-09,+3.2886431403458E+00
-469.5000E-09,+3.3288441449404E+00
-469.0000E-09,+3.3288441449404E+00
-468.5000E-09,+3.3288441449404E+00
-468.0000E-09,+3.3288441449404E+00
-467.5000E-09,+3.3288441449404E+00
-467.0000E-09,+3.3288441449404E+00
-466.5000E-09,+3.3288441449404E+00
-466.0000E-09,+3.3288441449404E+00
-465.5000E-09,+3.3288441449404E+00
-465.0000E-09,+3.3288441449404E+00
-464.5000E-09,+3.3087436426428E+00
-464.0000E-09,+3.2886431403458E+00
-463.5000E-09,+3.2886431403458E+00
-463.0000E-09,+3.2886431403458E+00
-462.5000E-09,+3.3087436426434E+00
-462.0000E-09,+3.3288441449404E+00
-461.5000E-09,+3.2886431403458E+00
-461.0000E-09,+3.2886431403461E+00
-460.5000E-09,+3.3288441449404E+00
-460.0000E-09,+3.3288441449401E+00
-459.5000E-09,+3.3288441449404E+00
-459.0000E-09,+3.3288441449404E+00
-458.5000E-09,+3.3288441449404E+00
-458.0000E-09,+3.2886431403458E+00
-457.5000E-09,+3.2886431403458E+00
-457.0000E-09,+3.2886431403458E+00
-456.5000E-09,+3.2886431403458E+00
-456.0000E-09,+3.3288441449404E+00
-455.5000E-09,+3.3288441449404E+00
-455.0000E-09,+3.3690451495349E+00
-454.5000E-09,+3.3288441449404E+00
-454.0000E-09,+3.3288441449404E+00
-453.5000E-09,+3.3288441449404E+00
-453.0000E-09,+3.3288441449404E+00
-452.5000E-09,+3.3288441449404E+00
-452.0000E-09,+3.2886431403458E+00
-451.5000E-09,+3.2886431403458E+00
-451.0000E-09,+3.3288441449404E+00
-450.5000E-09,+3.2886431403458E+00
-450.0000E-09,+3.2886431403458E+00
-449.5000E-09,+3.3288441449404E+00
-449.0000E-09,+3.3288441449404E+00
-448.5000E-09,+3.3288441449404E+00
-448.0000E-09,+3.3288441449404E+00
-447.5000E-09,+3.3288441449404E+00
-447.0000E-09,+3.3288441449404E+00
-446.5000E-09,+3.3288441449404E+00
-446.0000E-09,+3.3288441449404E+00
-445.5000E-09,+3.3288441449404E+00
-445.0000E-09,+3.3288441449404E+00
-444.5000E-09,+3.3288441449404E+00
-444.0000E-09,+3.3288441449402E+00
-443.5000E-09,+3.2886431403458E+00
-443.0000E-09,+3.2886431403458E+00
-442.5000E-09,+3.2886431403458E+00
-442.0000E-09,+3.3288441449404E+00
-441.5000E-09,+3.3288441449404E+00
-441.0000E-09,+3.3288441449404E+00
-440.5000E-09,+3.2886431403458E+00
-440.0000E-09,+3.3288441449404E+00
-439.5000E-09,+3.3288441449404E+00
-439.0000E-09,+3.3288441449404E+00
-438.5000E-09,+3.3288441449404E+00
-438.0000E-09,+3.3288441449404E+00
-437.5000E-09,+3.3288441449404E+00
-437.0000E-09,+3.3288441449404E+00
-436.5000E-09,+3.3288441449404E+00
-436.0000E-09,+3.3288441449404E+00
-435.5000E-09,+3.3288441449404E+00
-435.0000E-09,+3.3288441449404E+00
-434.5000E-09,+3.3288441449404E+00
-434.0000E-09,+3.3288441449404E+00
-433.5000E-09,+3.3288441449404E+00
-433.0000E-09,+3.3288441449404E+00
-432.5000E-09,+3.3288441449404E+00
-432.0000E-09,+3.2886431403458E+00
-431.5000E-09,+3.2886431403458E+00
-431.0000E-09,+3.2886431403458E+00
-430.5000E-09,+3.3087436426432E+00
-430.0000E-09,+3.2886431403458E+00
-429.5000E-09,+3.2886431403458E+00
-429.0000E-09,+3.3288441449404E+00
-428.5000E-09,+3.3288441449404E+00
-428.0000E-09,+3.3288441449404E+00
-427.5000E-09,+3.3288441449404E+00
-427.0000E-09,+3.3288441449404E+00
-426.5000E-09,+3.3288441449404E+00
-426.0000E-09,+3.3288441449404E+00
-425.5000E-09,+3.3288441449404E+00
-425.0000E-09,+3.2886431403458E+00
-424.5000E-09,+3.2886431403458E+00
-424.0000E-09,+3.2886431403458E+00
-423.5000E-09,+3.3288441449404E+00
-423.0000E-09,+3.3288441449404E+00
-422.5000E-09,+3.3288441449404E+00
-422.0000E-09,+3.3288441449404E+00
-421.5000E-09,+3.3288441449404E+00
-421.0000E-09,+3.3288441449404E+00
-420.5000E-09,+3.3288441449404E+00
-420.0000E-09,+3.3288441449404E+00
-419.5000E-09,+3.3288441449404E+00
-419.0000E-09,+3.3288441449404E+00
-418.5000E-09,+3.3288441449404E+00
-418.0000E-09,+3.3288441449404E+00
-417.5000E-09,+3.3288441449404E+00
-417.0000E-09,+3.2886431403458E+00
-416.5000E-09,+3.3288441449404E+00
-416.0000E-09,+3.3288441449404E+00
-415.5000E-09,+3.3288441449404E+00
-415.0000E-09,+3.3288441449404E+00
-414.5000E-09,+3.3288441449404E+00
-414.0000E-09,+3.3288441449404E+00
-413.5000E-09,+3.3288441449404E+00
-413.0000E-09,+3.3288441449404E+00
-412.5000E-09,+3.3288441449404E+00
-412.0000E-09,+3.3288441449404E+00
-411.5000E-09,+3.3288441449404E+00
-411.0000E-09,+3.3288441449404E+00
-410.5000E-09,+3.3288441449404E+00
-410.0000E-09,+3.3288441449404E+00
-409.5000E-09,+3.3288441449404E+00
-409.0000E-09,+3.3288441449404E+00
-408.5000E-09,+3.3288441449404E+00
-408.0000E-09,+3.3288441449404E+00
-407.5000E-09,+3.2886431403458E+00
-407.0000E-09,+3.2886431403458E+00
-406.5000E-09,+3.2886431403458E+00
-406.0000E-09,+3.2886431403458E+00
-405.5000E-09,+3.3288441449404E+00
-405.0000E-09,+3.3288441449404E+00
-404.5000E-09,+3.3288441449404E+00
-404.0000E-09,+3.3288441449404E+00
-403.5000E-09,+3.3288441449404E+00
-403.0000E-09,+3.3288441449404E+00
-402.5000E-09,+3.3288441449404E+00
-402.0000E-09,+3.3288441449404E+00
-401.5000E-09,+3.3288441449404E+00
-401.0000E-09,+3.3288441449404E+00
-400.5000E-09,+3.3288441449404E+00
-400.0000E-09,+3.3288441449404E+00
-399.5000E-09,+3.3288441449404E+00
-399.0000E-09,+3.3288441449404E+00
-398.5000E-09,+3.2886431403458E+00
-398.0000E-09,+3.3288441449402E+00
-397.5000E-09,+3.3288441449404E+00
-397.0000E-09,+3.3288441449404E+00
-396.5000E-09,+3.3288441449404E+00
-396.0000E-09,+3.3690451495349E+00
-395.5000E-09,+3.3288441449404E+00
-395.0000E-09,+3.3288441449404E+00
-394.5000E-09,+3.3288441449404E+00
-394.0000E-09,+3.3288441449404E+00
-393.5000E-09,+3.3288441449404E+00
-393.0000E-09,+3.3288441449404E+00
-392.5000E-09,+3.3288441449404E+00
-392.0000E-09,+3.3288441449404E+00
-391.5000E-09,+3.3288441449404E+00
-391.0000E-09,+3.2886431403460E+00
-390.5000E-09,+3.3288441449404E+00
-390.0000E-09,+3.3288441449404E+00
-389.5000E-09,+3.3288441449404E+00
-389.0000E-09,+3.3288441449404E+00
-388.5000E-09,+3.3288441449404E+00
-388.0000E-09,+3.3288441449402E+00
-387.5000E-09,+3.3087436426429E+00
-387.0000E-09,+3.2886431403460E+00
-386.5000E-09,+3.2886431403458E+00
-386.0000E-09,+3.2886431403458E+00
-385.5000E-09,+3.3288441449404E+00
-385.0000E-09,+3.3288441449404E+00
-384.5000E-09,+3.3288441449404E+00
-384.0000E-09,+3.3288441449404E+00
-383.5000E-09,+3.2886431403458E+00
-383.0000E-09,+3.3288441449404E+00
-382.5000E-09,+3.3288441449404E+00
-382.0000E-09,+3.3288441449404E+00
-381.5000E-09,+3.3288441449404E+00
-381.0000E-09,+3.3288441449404E+00
-380.5000E-09,+3.2886431403458E+00
-380.0000E-09,+3.2886431403458E+00
-379.5000E-09,+3.3288441449404E+00
-379.0000E-09,+3.3288441449404E+00
-378.5000E-09,+3.3288441449404E+00
-378.0000E-09,+3.3288441449404E+00
-377.5000E-09,+3.3288441449404E+00
-377.0000E-09,+3.3288441449404E+00
-376.5000E-09,+3.3288441449404E+00
-376.0000E-09,+3.3288441449404E+00
-375.5000E-09,+3.3087436426434E+00
-375.0000E-09,+3.2886431403458E+00
-374.5000E-09,+3.2886431403458E+00
-374.0000E-09,+3.2886431403458E+00
-373.5000E-09,+3.3087436426428E+00
-373.0000E-09,+3.3288441449404E+00
-372.5000E-09,+3.2886431403458E+00
-372.0000E-09,+3.2886431403458E+00
-371.5000E-09,+3.3288441449404E+00
-371.0000E-09,+3.3288441449404E+00
-370.5000E-09,+3.3087436426434E+00
-370.0000E-09,+3.2886431403458E+00
-369.5000E-09,+3.3288441449404E+00
-369.0000E-09,+3.3288441449404E+00
-368.5000E-09,+3.2886431403458E+00
-368.0000E-09,+3.2886431403458E+00
-367.5000E-09,+3.2886431403458E+00
-367.0000E-09,+3.2886431403458E+00
-366.5000E-09,+3.2886431403458E+00
-366.0000E-09,+3.3288441449404E+00
-365.5000E-09,+3.3288441449404E+00
-365.0000E-09,+3.3288441449404E+00
-364.5000E-09,+3.3288441449404E+00
-364.0000E-09,+3.3288441449404E+00
-363.5000E-09,+3.3288441449404E+00
-363.0000E-09,+3.3288441449404E+00
-362.5000E-09,+3.3288441449404E+00
-362.0000E-09,+3.2886431403458E+00
-361.5000E-09,+3.3087436426435E+00
-361.0000E-09,+3.2886431403458E+00
-360.5000E-09,+3.2886431403458E+00
-360.0000E-09,+3.3288441449404E+00
-359.5000E-09,+3.3288441449404E+00
-359.0000E-09,+3.3288441449404E+00
-358.5000E-09,+3.3288441449404E+00
-358.0000E-09,+3.3288441449404E+00
-357.5000E-09,+3.3288441449404E+00
-357.0000E-09,+3.3288441449404E+00
-356.5000E-09,+3.3288441449404E+00
-356.0000E-09,+3.3288441449404E+00
-355.5000E-09,+3.3087436426427E+00
-355.0000E-09,+3.3288441449404E+00
-354.5000E-09,+3.3288441449404E+00
-354.0000E-09,+3.3288441449404E+00
-353.5000E-09,+3.3288441449404E+00
-353.0000E-09,+3.3288441449404E+00
-352.5000E-09,+3.3288441449404E+00
-352.0000E-09,+3.3288441449404E+00
-351.5000E-09,+3.3288441449404E+00
-351.0000E-09,+3.3288441449404E+00
-350.5000E-09,+3.3288441449404E+00
-350.0000E-09,+3.3288441449404E+00
-349.5000E-09,+3.3288441449404E+00
-349.0000E-09,+3.3288441449404E+00
-348.5000E-09,+3.3288441449404E+00
-348.0000E-09,+3.3288441449399E+00
-347.5000E-09,+3.3288441449404E+00
-347.0000E-09,+3.3288441449404E+00
-346.5000E-09,+3.3288441449404E+00
-346.0000E-09,+3.3288441449404E+00
-345.5000E-09,+3.3288441449404E+00
-345.0000E-09,+3.3288441449404E+00
-344.5000E-09,+3.3288441449404E+00
-344.0000E-09,+3.3288441449404E+00
-343.5000E-09,+3.3288441449404E+00
-343.0000E-09,+3.3288441449404E+00
-342.5000E-09,+3.3288441449404E+00
-342.0000E-09,+3.3288441449404E+00
-341.5000E-09,+3.3087436426436E+00
-341.0000E-09,+3.2886431403458E+00
-340.5000E-09,+3.3288441449404E+00
-340.0000E-09,+3.3288441449404E+00
-339.5000E-09,+3.3087436426436E+00
-339.0000E-09,+3.3288441449404E+00
-338.5000E-09,+3.3288441449404E+00
-338.0000E-09,+3.3288441449404E+00
-337.5000E-09,+3.3288441449404E+00
-337.0000E-09,+3.3288441449404E+00
-336.5000E-09,+3.3288441449404E+00
-336.0000E-09,+3.3288441449404E+00
-335.5000E-09,+3.3087436426436E+00
-335.0000E-09,+3.2886431403458E+00
-334.5000E-09,+3.3087436426436E+00
-334.0000E-09,+3.2886431403458E+00
-333.5000E-09,+3.3087436426426E+00
-333.0000E-09,+3.3288441449404E+00
-332.5000E-09,+3.3288441449404E+00
-332.0000E-09,+3.3288441449404E+00
-331.5000E-09,+3.3288441449404E+00
-331.0000E-09,+3.3288441449404E+00
-330.5000E-09,+3.3288441449404E+00
-330.0000E-09,+3.2886431403458E+00
-329.5000E-09,+3.3288441449404E+00
-329.0000E-09,+3.3288441449404E+00
-328.5000E-09,+3.3288441449404E+00
-328.0000E-09,+3.3288441449404E+00
-327.5000E-09,+3.3288441449404E+00
-327.0000E-09,+3.3288441449404E+00
-326.5000E-09,+3.3288441449404E+00
-326.0000E-09,+3.3288441449404E+00
-325.5000E-09,+3.3489446472371E+00
-325.0000E-09,+3.3690451495349E+00
-324.5000E-09,+3.3288441449404E+00
-324.0000E-09,+3.3288441449404E+00
-323.5000E-09,+3.3288441449404E+00
-323.0000E-09,+3.3288441449404E+00
-322.5000E-09,+3.3288441449404E+00
-322.0000E-09,+3.3288441449404E+00
-321.5000E-09,+3.3288441449404E+00
-321.0000E-09,+3.3288441449404E+00
-320.5000E-09,+3.3288441449404E+00
-320.0000E-09,+3.3288441449398E+00
-319.5000E-09,+3.3288441449404E+00
-319.0000E-09,+3.3288441449404E+00
-318.5000E-09,+3.3288441449404E+00
-318.0000E-09,+3.3288441449404E+00
-317.5000E-09,+3.3087436426437E+00
-317.0000E-09,+3.2886431403458E+00
-316.5000E-09,+3.3288441449404E+00
-316.0000E-09,+3.3288441449404E+00
-315.5000E-09,+3.2886431403458E+00
-315.0000E-09,+3.2886431403458E+00
-314.5000E-09,+3.2886431403458E+00
-314.0000E-09,+3.2886431403458E+00
-313.5000E-09,+3.3087436426424E+00
-313.0000E-09,+3.3288441449404E+00
-312.5000E-09,+3.3288441449404E+00
-312.0000E-09,+3.3288441449404E+00
-311.5000E-09,+3.3288441449404E+00
-311.0000E-09,+3.3288441449404E+00
-310.5000E-09,+3.2886431403458E+00
-310.0000E-09,+3.2886431403458E+00
-309.5000E-09,+3.3288441449404E+00
-309.0000E-09,+3.3288441449404E+00
-308.5000E-09,+3.3288441449404E+00
-308.0000E-09,+3.3288441449404E+00
-307.5000E-09,+3.3288441449404E+00
-307.0000E-09,+3.3288441449404E+00
-306.5000E-09,+3.3288441449404E+00
-306.0000E-09,+3.3288441449404E+00
-305.5000E-09,+3.3288441449404E+00
-305.0000E-09,+3.3288441449404E+00
-304.5000E-09,+3.3288441449404E+00
-304.0000E-09,+3.3288441449404E+00
-303.5000E-09,+3.3288441449404E+00
-303.0000E-09,+3.3288441449404E+00
-302.5000E-09,+3.3288441449404E+00
-302.0000E-09,+3.2886431403458E+00
-301.5000E-09,+3.2886431403458E+00
-301.0000E-09,+3.3288441449404E+00
-300.5000E-09,+3.3288441449404E+00
-300.0000E-09,+3.3288441449404E+00
-299.5000E-09,+3.3288441449404E+00
-299.0000E-09,+3.3288441449404E+00
-298.5000E-09,+3.3288441449404E+00
-298.0000E-09,+3.3288441449404E+00
-297.5000E-09,+3.3288441449404E+00
-297.0000E-09,+3.3288441449404E+00
-296.5000E-09,+3.3087436426423E+00
-296.0000E-09,+3.3288441449404E+00
-295.5000E-09,+3.3288441449404E+00
-295.0000E-09,+3.3288441449404E+00
-294.5000E-09,+3.3087436426439E+00
-294.0000E-09,+3.2886431403458E+00
-293.5000E-09,+3.3087436426423E+00
-293.0000E-09,+3.3288441449404E+00
-292.5000E-09,+3.3288441449404E+00
-292.0000E-09,+3.3288441449404E+00
-291.5000E-09,+3.2886431403458E+00
-291.0000E-09,+3.3288441449396E+00
-290.5000E-09,+3.3288441449404E+00
-290.0000E-09,+3.3288441449404E+00
-289.5000E-09,+3.2886431403458E+00
-289.0000E-09,+3.3288441449396E+00
-288.5000E-09,+3.3288441449404E+00
-288.0000E-09,+3.3288441449404E+00
-287.5000E-09,+3.2886431403458E+00
-287.0000E-09,+3.2886431403458E+00
-286.5000E-09,+3.3288441449404E+00
-286.0000E-09,+3.3288441449404E+00
-285.5000E-09,+3.3288441449404E+00
-285.0000E-09,+3.3288441449404E+00
-284.5000E-09,+3.3288441449404E+00
-284.0000E-09,+3.3288441449404E+00
-283.5000E-09,+3.3288441449404E+00
-283.0000E-09,+3.2886431403458E+00
-282.5000E-09,+3.2886431403458E+00
-282.0000E-09,+3.3288441449395E+00
-281.5000E-09,+3.3288441449404E+00
-281.0000E-09,+3.3288441449404E+00
-280.5000E-09,+3.3288441449404E+00
-280.0000E-09,+3.3288441449404E+00
-279.5000E-09,+3.3288441449404E+00
-279.0000E-09,+3.3288441449404E+00
-278.5000E-09,+3.3288441449404E+00
-278.0000E-09,+3.3288441449404E+00
-277.5000E-09,+3.3288441449404E+00
-277.0000E-09,+3.2886431403458E+00
-276.5000E-09,+3.3087436426422E+00
-276.0000E-09,+3.3288441449404E+00
-275.5000E-09,+3.3288441449404E+00
-275.0000E-09,+3.3288441449404E+00
-274.5000E-09,+3.3288441449404E+00
-274.0000E-09,+3.3288441449404E+00
-273.5000E-09,+3.3288441449404E+00
-273.0000E-09,+3.3288441449404E+00
-272.5000E-09,+3.3288441449404E+00
-272.0000E-09,+3.3288441449404E+00
-271.5000E-09,+3.3288441449404E+00
-271.0000E-09,+3.2886431403467E+00
-270.5000E-09,+3.3087436426422E+00
-270.0000E-09,+3.3288441449404E+00
-269.5000E-09,+3.3288441449404E+00
-269.0000E-09,+3.3288441449404E+00
-268.5000E-09,+3.3288441449404E+00
-268.0000E-09,+3.3288441449404E+00
-267.5000E-09,+3.3288441449404E+00
-267.0000E-09,+3.3288441449404E+00
-266.5000E-09,+3.3288441449404E+00
-266.0000E-09,+3.2886431403458E+00
-265.5000E-09,+3.2886431403458E+00
-265.0000E-09,+3.2886431403458E+00
-264.5000E-09,+3.2886431403458E+00
-264.0000E-09,+3.2886431403458E+00
-263.5000E-09,+3.3288441449404E+00
-263.0000E-09,+3.3288441449404E+00
-262.5000E-09,+3.3288441449404E+00
-262.0000E-09,+3.3288441449404E+00
-261.5000E-09,+3.3288441449404E+00
-261.0000E-09,+3.3288441449404E+00
-260.5000E-09,+3.3288441449404E+00
-260.0000E-09,+3.2886431403458E+00
-259.5000E-09,+3.3288441449404E+00
-259.0000E-09,+3.3288441449404E+00
-258.5000E-09,+3.3288441449404E+00
-258.0000E-09,+3.2886431403458E+00
-257.5000E-09,+3.3288441449404E+00
-257.0000E-09,+3.3288441449404E+00
-256.5000E-09,+3.3288441449404E+00
-256.0000E-09,+3.2886431403468E+00
-255.5000E-09,+3.3288441449404E+00
-255.0000E-09,+3.3288441449404E+00
-254.5000E-09,+3.3288441449404E+00
-254.0000E-09,+3.3288441449404E+00
-253.5000E-09,+3.3288441449404E+00
-253.0000E-09,+3.3288441449404E+00
-252.5000E-09,+3.3288441449404E+00
-252.0000E-09,+3.3288441449404E+00
-251.5000E-09,+3.2886431403458E+00
-251.0000E-09,+3.3288441449404E+00
-250.5000E-09,+3.3288441449404E+00
-250.0000E-09,+3.3288441449404E+00
-249.5000E-09,+3.3288441449404E+00
-249.0000E-09,+3.3288441449404E+00
-248.5000E-09,+3.3288441449404E+00
-248.0000E-09,+3.3288441449404E+00
-247.5000E-09,+3.3288441449404E+00
-247.0000E-09,+3.3288441449404E+00
-246.5000E-09,+3.3288441449404E+00
-246.0000E-09,+3.3288441449404E+00
-245.5000E-09,+3.3288441449404E+00
-245.0000E-09,+3.3288441449404E+00
-244.5000E-09,+3.3288441449404E+00
-244.0000E-09,+3.3288441449404E+00
-243.5000E-09,+3.3288441449404E+00
-243.0000E-09,+3.3288441449404E+00
-242.5000E-09,+3.3288441449404E+00
-242.0000E-09,+3.3288441449404E+00
-241.5000E-09,+3.3288441449404E+00
-241.0000E-09,+3.3288441449404E+00
-240.5000E-09,+3.3288441449404E+00
-240.0000E-09,+3.2886431403458E+00
-239.5000E-09,+3.2886431403458E+00
-239.0000E-09,+3.3288441449404E+00
-238.5000E-09,+3.2886431403458E+00
-238.0000E-09,+3.3288441449393E+00
-237.5000E-09,+3.3288441449404E+00
-237.0000E-09,+3.2886431403469E+00
-236.5000E-09,+3.3288441449404E+00
-236.0000E-09,+3.3288441449404E+00
-235.5000E-09,+3.3288441449404E+00
-235.0000E-09,+3.3288441449404E+00
-234.5000E-09,+3.3288441449404E+00
-234.0000E-09,+3.3288441449404E+00
-233.5000E-09,+3.3288441449404E+00
-233.0000E-09,+3.3288441449404E+00
-232.5000E-09,+3.2886431403458E+00
-232.0000E-09,+3.2886431403458E+00
-231.5000E-09,+3.3288441449404E+00
-231.0000E-09,+3.3288441449404E+00
-230.5000E-09,+3.3288441449404E+00
-230.0000E-09,+3.3288441449404E+00
-229.5000E-09,+3.3288441449404E+00
-229.0000E-09,+3.3288441449404E+00
-228.5000E-09,+3.3690451495349E+00
-228.0000E-09,+3.3288441449404E+00
-227.5000E-09,+3.3288441449404E+00
-227.0000E-09,+3.3288441449404E+00
-226.5000E-09,+3.3288441449404E+00
-226.0000E-09,+3.3288441449404E+00
-225.5000E-09,+3.3288441449404E+00
-225.0000E-09,+3.3288441449404E+00
-224.5000E-09,+3.3288441449404E+00
-224.0000E-09,+3.3288441449404E+00
-223.5000E-09,+3.3288441449404E+00
-223.0000E-09,+3.3288441449404E+00
-222.5000E-09,+3.3288441449404E+00
-222.0000E-09,+3.3288441449404E+00
-221.5000E-09,+3.2886431403458E+00
-221.0000E-09,+3.2886431403458E+00
-220.5000E-09,+3.2886431403458E+00
-220.0000E-09,+3.2886431403458E+00
-219.5000E-09,+3.2886431403458E+00
-219.0000E-09,+3.2886431403458E+00
-218.5000E-09,+3.3288441449404E+00
-218.0000E-09,+3.2886431403458E+00
-217.5000E-09,+3.2886431403458E+00
-217.0000E-09,+3.3288441449404E+00
-216.5000E-09,+3.3288441449404E+00
-216.0000E-09,+3.3288441449404E+00
-215.5000E-09,+3.3288441449404E+00
-215.0000E-09,+3.3288441449404E+00
-214.5000E-09,+3.3288441449404E+00
-214.0000E-09,+3.3690451495349E+00
-213.5000E-09,+3.3288441449404E+00
-213.0000E-09,+3.3288441449404E+00
-212.5000E-09,+3.3288441449404E+00
-212.0000E-09,+3.3288441449404E+00
-211.5000E-09,+3.3288441449404E+00
-211.0000E-09,+3.3288441449404E+00
-210.5000E-09,+3.3288441449404E+00
-210.0000E-09,+3.3288441449404E+00
-209.5000E-09,+3.3087436426421E+00
-209.0000E-09,+3.3288441449404E+00
-208.5000E-09,+3.3087436426441E+00
-208.0000E-09,+3.2886431403458E+00
-207.5000E-09,+3.3288441449404E+00
-207.0000E-09,+3.3288441449404E+00
-206.5000E-09,+3.3288441449404E+00
-206.0000E-09,+3.3288441449404E+00
-205.5000E-09,+3.2886431403458E+00
-205.0000E-09,+3.2886431403458E+00
-204.5000E-09,+3.2886431403458E+00
-204.0000E-09,+3.2484421357513E+00
-203.5000E-09,+3.1479396242658E+00
-203.0000E-09,+3.0072361081858E+00
-202.5000E-09,+2.7861305829167E+00
-202.0000E-09,+2.5248240530510E+00
-201.5000E-09,+2.2836180254836E+00
-201.0000E-09,+2.0826130025108E+00
-200.5000E-09,+1.8414069749434E+00
-200.0000E-09,+1.6404019519706E+00
-199.5000E-09,+1.4996984358886E+00
-199.0000E-09,+1.3589949198077E+00
-198.5000E-09,+1.1981909014304E+00
-198.0000E-09,+1.0775878876457E+00
-197.5000E-09,+936.8843715647E-03
-197.0000E-09,+836.3818600783E-03
-196.5000E-09,+735.8793485919E-03
-196.0000E-09,+635.3768371055E-03
-195.5000E-09,+534.8743256191E-03
-195.0000E-09,+434.3718141327E-03
-194.5000E-09,+333.8693026463E-03
-194.0000E-09,+193.1657865662E-03
-193.5000E-09,+52.4622704843E-03
-193.0000E-09,-128.4422501903E-03
-192.5000E-09,-329.4472731632E-03
-192.0000E-09,-490.2512915414E-03
-191.5000E-09,-630.9548076233E-03
-191.0000E-09,-771.6583237043E-03
-190.5000E-09,-852.0603328943E-03
-190.0000E-09,-892.2613374889E-03
-189.5000E-09,-932.4623420835E-03
-189.0000E-09,-972.6633466780E-03
-188.5000E-09,-972.6633466780E-03
-188.0000E-09,-972.6633466780E-03
-187.5000E-09,-972.6633466780E-03
-187.0000E-09,-972.6633466780E-03
-186.5000E-09,-932.4623420835E-03
-186.0000E-09,-932.4623420835E-03
-185.5000E-09,-932.4623420835E-03
-185.0000E-09,-932.4623420835E-03
-184.5000E-09,-972.6633466780E-03
-184.0000E-09,-1.0128643512726E+00
-183.5000E-09,-1.0731658581636E+00
-183.0000E-09,-1.1334673650563E+00
-182.5000E-09,-1.1736683696508E+00
-182.0000E-09,-1.1736683696508E+00
-181.5000E-09,-1.1736683696508E+00
-181.0000E-09,-1.1334673650563E+00
-180.5000E-09,-1.0530653558672E+00
-180.0000E-09,-1.0128643512726E+00
-179.5000E-09,-932.4623420835E-03
-179.0000E-09,-852.0603328952E-03
-178.5000E-09,-751.5578214088E-03
-178.0000E-09,-691.2563145169E-03
-177.5000E-09,-630.9548076251E-03
-177.0000E-09,-570.6533007324E-03
-176.5000E-09,-490.2512915432E-03
-176.0000E-09,-450.0502869495E-03
-175.5000E-09,-450.0502869487E-03
-175.0000E-09,-450.0502869487E-03
-174.5000E-09,-450.0502869487E-03
-174.0000E-09,-450.0502869487E-03
-173.5000E-09,-450.0502869487E-03
-173.0000E-09,-450.0502869487E-03
-172.5000E-09,-429.9497846522E-03
-172.0000E-09,-409.8492823541E-03
-171.5000E-09,-329.4472731650E-03
-171.0000E-09,-249.0452639767E-03
-170.5000E-09,-188.7437570848E-03
-170.0000E-09,-128.4422501930E-03
-169.5000E-09,-68.1407433011E-03
-169.0000E-09,-7.8392364085E-03
-168.5000E-09,+32.3617681861E-03
-168.0000E-09,+72.5627727807E-03
-167.5000E-09,+112.7637773752E-03
-167.0000E-09,+112.7637773760E-03
-166.5000E-09,+112.7637773752E-03
-166.0000E-09,+112.7637773752E-03
-165.5000E-09,+92.6632750787E-03
-165.0000E-09,+32.3617681869E-03
-164.5000E-09,+32.3617681861E-03
-164.0000E-09,+32.3617681861E-03
-163.5000E-09,+52.4622704826E-03
-163.0000E-09,+72.5627727807E-03
-162.5000E-09,+112.7637773752E-03
-162.0000E-09,+152.9647819690E-03
-161.5000E-09,+193.1657865644E-03
-161.0000E-09,+233.3667911589E-03
-160.5000E-09,+273.5677957535E-03
-160.0000E-09,+273.5677957535E-03
-159.5000E-09,+313.7688003480E-03
-159.0000E-09,+313.7688003480E-03
-158.5000E-09,+313.7688003480E-03
-158.0000E-09,+313.7688003480E-03
-157.5000E-09,+273.5677957535E-03
-157.0000E-09,+273.5677957535E-03
-156.5000E-09,+213.2662888624E-03
-156.0000E-09,+193.1657865644E-03
-155.5000E-09,+152.9647819698E-03
-155.0000E-09,+112.7637773760E-03
-154.5000E-09,+152.9647819698E-03
-154.0000E-09,+152.9647819690E-03
-153.5000E-09,+152.9647819698E-03
-153.0000E-09,+193.1657865644E-03
-152.5000E-09,+233.3667911589E-03
-152.0000E-09,+273.5677957527E-03
-151.5000E-09,+273.5677957535E-03
-151.0000E-09,+233.3667911596E-03
-150.5000E-09,+273.5677957535E-03
-150.0000E-09,+273.5677957535E-03
-149.5000E-09,+273.5677957535E-03
-149.0000E-09,+273.5677957535E-03
-148.5000E-09,+233.3667911589E-03
-148.0000E-09,+193.1657865651E-03
-147.5000E-09,+173.0652842678E-03
-147.0000E-09,+112.7637773759E-03
-146.5000E-09,+112.7637773752E-03
-146.0000E-09,+72.5627727807E-03
-145.5000E-09,+72.5627727807E-03
-145.0000E-09,+72.5627727807E-03
-144.5000E-09,+72.5627727807E-03
-144.0000E-09,+112.7637773752E-03
-143.5000E-09,+132.8642796718E-03
-143.0000E-09,+152.9647819698E-03
-142.5000E-09,+152.9647819698E-03
-142.0000E-09,+152.9647819698E-03
-141.5000E-09,+152.9647819698E-03
-141.0000E-09,+152.9647819698E-03
-140.5000E-09,+152.9647819698E-03
-140.0000E-09,+112.7637773759E-03
-139.5000E-09,+92.6632750786E-03
-139.0000E-09,+72.5627727807E-03
-138.5000E-09,+32.3617681861E-03
-138.0000E-09,-7.8392364078E-03
-137.5000E-09,-7.8392364085E-03
-137.0000E-09,-7.8392364085E-03
-136.5000E-09,-48.0402410030E-03
-136.0000E-09,-48.0402410030E-03
-135.5000E-09,-48.0402410030E-03
-135.0000E-09,-48.0402410030E-03
-134.5000E-09,-48.0402410030E-03
-134.0000E-09,-7.8392364085E-03
-133.5000E-09,-7.8392364085E-03
-133.0000E-09,-7.8392364085E-03
-132.5000E-09,-7.8392364085E-03
-132.0000E-09,-48.0402410024E-03
-131.5000E-09,-48.0402410030E-03
-131.0000E-09,-48.0402410030E-03
-130.5000E-09,-88.2412455976E-03
-130.0000E-09,-88.2412455976E-03
-129.5000E-09,-128.4422501922E-03
-129.0000E-09,-168.6432547867E-03
-128.5000E-09,-208.8442593813E-03
-128.0000E-09,-208.8442593813E-03
-127.5000E-09,-208.8442593813E-03
-127.0000E-09,-168.6432547867E-03
-126.5000E-09,-168.6432547867E-03
-126.0000E-09,-128.4422501928E-03
-125.5000E-09,-128.4422501922E-03
-125.0000E-09,-128.4422501922E-03
-124.5000E-09,-128.4422501922E-03
-124.0000E-09,-128.4422501922E-03
-123.5000E-09,-128.4422501922E-03
-123.0000E-09,-128.4422501922E-03
-122.5000E-09,-128.4422501922E-03
-122.0000E-09,-128.4422501922E-03
-121.5000E-09,-168.6432547867E-03
-121.0000E-09,-168.6432547867E-03
-120.5000E-09,-208.8442593813E-03
-120.0000E-09,-208.8442593813E-03
-119.5000E-09,-208.8442593813E-03
-119.0000E-09,-208.8442593813E-03
-118.5000E-09,-208.8442593813E-03
-118.0000E-09,-208.8442593813E-03
-117.5000E-09,-168.6432547867E-03
-117.0000E-09,-128.4422501928E-03
-116.5000E-09,-108.3417478955E-03
-116.0000E-09,-88.2412455976E-03
-115.5000E-09,-68.1407433009E-03
-115.0000E-09,-48.0402410030E-03
-114.5000E-09,-48.0402410030E-03
-114.0000E-09,-7.8392364085E-03
-113.5000E-09,-27.9397387052E-03
-113.0000E-09,-48.0402410030E-03
-112.5000E-09,-48.0402410030E-03
-112.0000E-09,-48.0402410030E-03
-111.5000E-09,-48.0402410030E-03
-111.0000E-09,-48.0402410030E-03
-110.5000E-09,-48.0402410030E-03
-110.0000E-09,-48.0402410030E-03
-109.5000E-09,-7.8392364085E-03
-109.0000E-09,-7.8392364085E-03
-108.5000E-09,+32.3617681861E-03
-108.0000E-09,+72.5627727807E-03
-107.5000E-09,+112.7637773752E-03
-107.0000E-09,+152.9647819692E-03
-106.5000E-09,+152.9647819698E-03
-106.0000E-09,+152.9647819698E-03
-105.5000E-09,+152.9647819698E-03
-105.0000E-09,+152.9647819698E-03
-104.5000E-09,+152.9647819698E-03
-104.0000E-09,+152.9647819698E-03
-103.5000E-09,+152.9647819698E-03
-103.0000E-09,+152.9647819698E-03
-102.5000E-09,+112.7637773752E-03
-102.0000E-09,+112.7637773752E-03
-101.5000E-09,+112.7637773752E-03
-101.0000E-09,+152.9647819698E-03
-100.5000E-09,+152.9647819698E-03
-100.0000E-09,+152.9647819698E-03
-99.5000E-09,+152.9647819698E-03
-99.0000E-09,+152.9647819698E-03
-98.5000E-09,+152.9647819698E-03
-98.0000E-09,+152.9647819698E-03
-97.5000E-09,+152.9647819698E-03
-97.0000E-09,+152.9647819698E-03
-96.5000E-09,+152.9647819698E-03
-96.0000E-09,+152.9647819698E-03
-95.5000E-09,+152.9647819698E-03
-95.0000E-09,+112.7637773758E-03
-94.5000E-09,+112.7637773752E-03
-94.0000E-09,+112.7637773752E-03
-93.5000E-09,+72.5627727807E-03
-93.0000E-09,+72.5627727807E-03
-92.5000E-09,+32.3617681861E-03
-92.0000E-09,+32.3617681861E-03
-91.5000E-09,+32.3617681861E-03
-91.0000E-09,+32.3617681861E-03
-90.5000E-09,+52.4622704840E-03
-90.0000E-09,+32.3617681861E-03
-89.5000E-09,+32.3617681861E-03
-89.0000E-09,+32.3617681861E-03
-88.5000E-09,+52.4622704840E-03
-88.0000E-09,+32.3617681861E-03
-87.5000E-09,-7.8392364085E-03
-87.0000E-09,-7.8392364085E-03
-86.5000E-09,-48.0402410030E-03
-86.0000E-09,-48.0402410030E-03
-85.5000E-09,-48.0402410030E-03
-85.0000E-09,-88.2412455976E-03
-84.5000E-09,-108.3417478955E-03
-84.0000E-09,-88.2412455976E-03
-83.5000E-09,-128.4422501922E-03
-83.0000E-09,-168.6432547861E-03
-82.5000E-09,-128.4422501922E-03
-82.0000E-09,-88.2412455982E-03
-81.5000E-09,-128.4422501922E-03
-81.0000E-09,-128.4422501922E-03
-80.5000E-09,-128.4422501922E-03
-80.0000E-09,-128.4422501922E-03
-79.5000E-09,-128.4422501922E-03
-79.0000E-09,-128.4422501922E-03
-78.5000E-09,-108.3417478955E-03
-78.0000E-09,-128.4422501922E-03
-77.5000E-09,-168.6432547867E-03
-77.0000E-09,-168.6432547867E-03
-76.5000E-09,-128.4422501922E-03
-76.0000E-09,-128.4422501922E-03
-75.5000E-09,-168.6432547867E-03
-75.0000E-09,-168.6432547867E-03
-74.5000E-09,-168.6432547867E-03
-74.0000E-09,-168.6432547867E-03
-73.5000E-09,-168.6432547867E-03
-73.0000E-09,-168.6432547867E-03
-72.5000E-09,-128.4422501922E-03
-72.0000E-09,-88.2412455976E-03
-71.5000E-09,-88.2412455976E-03
-71.0000E-09,-88.2412455976E-03
-70.5000E-09,-68.1407433010E-03
-70.0000E-09,-48.0402410030E-03
-69.5000E-09,-48.0402410030E-03
-69.0000E-09,-48.0402410030E-03
-68.5000E-09,-48.0402410030E-03
-68.0000E-09,-48.0402410030E-03
-67.5000E-09,-48.0402410030E-03
-67.0000E-09,-48.0402410030E-03
-66.5000E-09,-48.0402410030E-03
-66.0000E-09,-7.8392364091E-03
-65.5000E-09,-7.8392364085E-03
-65.0000E-09,-7.8392364085E-03
-64.5000E-09,+12.2612658882E-03
-64.0000E-09,+32.3617681861E-03
-63.5000E-09,+52.4622704827E-03
-63.0000E-09,+72.5627727807E-03
-62.5000E-09,+72.5627727807E-03
-62.0000E-09,+112.7637773746E-03
-61.5000E-09,+112.7637773752E-03
-61.0000E-09,+112.7637773752E-03
-60.5000E-09,+112.7637773752E-03
-60.0000E-09,+112.7637773752E-03
-59.5000E-09,+112.7637773752E-03
-59.0000E-09,+112.7637773752E-03
-58.5000E-09,+112.7637773752E-03
-58.0000E-09,+112.7637773752E-03
-57.5000E-09,+112.7637773752E-03
-57.0000E-09,+112.7637773752E-03
-56.5000E-09,+112.7637773752E-03
-56.0000E-09,+112.7637773752E-03
-55.5000E-09,+92.6632750786E-03
-55.0000E-09,+112.7637773752E-03
-54.5000E-09,+112.7637773752E-03
-54.0000E-09,+112.7637773752E-03
-53.5000E-09,+112.7637773752E-03
-53.0000E-09,+112.7637773752E-03
-52.5000E-09,+112.7637773752E-03
-52.0000E-09,+112.7637773752E-03
-51.5000E-09,+112.7637773752E-03
-51.0000E-09,+112.7637773752E-03
-50.5000E-09,+92.6632750786E-03
-50.0000E-09,+72.5627727807E-03
-49.5000E-09,+32.3617681861E-03
-49.0000E-09,+32.3617681861E-03
-48.5000E-09,+32.3617681861E-03
-48.0000E-09,+32.3617681861E-03
-47.5000E-09,+32.3617681861E-03
-47.0000E-09,-7.8392364085E-03
-46.5000E-09,-7.8392364085E-03
-46.0000E-09,-7.8392364085E-03
-45.5000E-09,-7.8392364085E-03
-45.0000E-09,-7.8392364085E-03
-44.5000E-09,-7.8392364085E-03
-44.0000E-09,-7.8392364085E-03
-43.5000E-09,-7.8392364085E-03
-43.0000E-09,-48.0402410030E-03
-42.5000E-09,-48.0402410030E-03
-42.0000E-09,-88.2412455976E-03
-41.5000E-09,-88.2412455976E-03
-41.0000E-09,-88.2412455969E-03
-40.5000E-09,-88.2412455976E-03
-40.0000E-09,-88.2412455976E-03
-39.5000E-09,-88.2412455976E-03
-39.0000E-09,-128.4422501915E-03
-38.5000E-09,-128.4422501922E-03
-38.0000E-09,-88.2412455983E-03
-37.5000E-09,-108.3417478942E-03
-37.0000E-09,-128.4422501922E-03
-36.5000E-09,-128.4422501922E-03
-36.0000E-09,-128.4422501922E-03
-35.5000E-09,-128.4422501922E-03
-35.0000E-09,-128.4422501922E-03
-34.5000E-09,-128.4422501922E-03
-34.0000E-09,-128.4422501922E-03
-33.5000E-09,-128.4422501922E-03
-33.0000E-09,-128.4422501922E-03
-32.5000E-09,-128.4422501922E-03
-32.0000E-09,-128.4422501922E-03
-31.5000E-09,-128.4422501922E-03
-31.0000E-09,-128.4422501922E-03
-30.5000E-09,-128.4422501922E-03
-30.0000E-09,-128.4422501922E-03
-29.5000E-09,-88.2412455976E-03
-29.0000E-09,-88.2412455976E-03
-28.5000E-09,-88.2412455976E-03
-28.0000E-09,-88.2412455976E-03
-27.5000E-09,-88.2412455976E-03
-27.0000E-09,-88.2412455976E-03
-26.5000E-09,-48.0402410030E-03
-26.0000E-09,-48.0402410030E-03
-25.5000E-09,-27.9397387064E-03
-25.0000E-09,-48.0402410024E-03
-24.5000E-09,-48.0402410030E-03
-24.0000E-09,-7.8392364085E-03
-23.5000E-09,-7.8392364085E-03
-23.0000E-09,-7.8392364085E-03
-22.5000E-09,-7.8392364085E-03
-22.0000E-09,-7.8392364085E-03
-21.5000E-09,-7.8392364085E-03
-21.0000E-09,-7.8392364085E-03
-20.5000E-09,+32.3617681861E-03
-20.0000E-09,+32.3617681861E-03
-19.5000E-09,+72.5627727807E-03
-19.0000E-09,+72.5627727807E-03
-18.5000E-09,+72.5627727807E-03
-18.0000E-09,+72.5627727807E-03
-17.5000E-09,+72.5627727807E-03
-17.0000E-09,+72.5627727807E-03
-16.5000E-09,+72.5627727807E-03
-16.0000E-09,+72.5627727807E-03
-15.5000E-09,+92.6632750773E-03
-15.0000E-09,+72.5627727807E-03
-14.5000E-09,+72.5627727807E-03
-14.0000E-09,+112.7637773746E-03
-13.5000E-09,+72.5627727807E-03
-13.0000E-09,+72.5627727807E-03
-12.5000E-09,+72.5627727807E-03
-12.0000E-09,+112.7637773752E-03
-11.5000E-09,+112.7637773752E-03
-11.0000E-09,+112.7637773752E-03
-10.5000E-09,+72.5627727807E-03
-10.0000E-09,+72.5627727807E-03
-9.5000E-09,+72.5627727807E-03
-9.0000E-09,+112.7637773752E-03
-8.5000E-09,+72.5627727807E-03
-8.0000E-09,+72.5627727807E-03
-7.5000E-09,+72.5627727807E-03
-7.0000E-09,+72.5627727807E-03
-6.5000E-09,+72.5627727807E-03
-6.0000E-09,+72.5627727807E-03
-5.5000E-09,+72.5627727807E-03
-5.0000E-09,+72.5627727807E-03
-4.5000E-09,+72.5627727807E-03
-4.0000E-09,+72.5627727807E-03
-3.5000E-09,+193.1657865630E-03
-3.0000E-09,+353.9698049413E-03
-2.5000E-09,+554.9748279141E-03
-2.0000E-09,+796.1808554808E-03
-1.5000E-09,+1.0373868830489E+00
-1.0000E-09,+1.2785929106163E+00
-500.0E-12,+1.4795979335891E+00
-0.0E+00,+1.6404019519674E+00
+500.0E-12,+1.8213064726436E+00
+1.0000E-09,+2.0022109933184E+00
+1.5000E-09,+2.1228140071021E+00
+2.0000E-09,+2.2434170208865E+00
+2.5000E-09,+2.3841205369675E+00
+3.0000E-09,+2.4846230484539E+00
+3.5000E-09,+2.5851255599403E+00
+4.0000E-09,+2.6856280714267E+00
+4.5000E-09,+2.7459295783185E+00
+5.0000E-09,+2.8062310852110E+00
+5.5000E-09,+2.9469346012914E+00
+6.0000E-09,+3.0474371127778E+00
+6.5000E-09,+3.1881406288587E+00
+7.0000E-09,+3.3690451495336E+00
+7.5000E-09,+3.5298491679119E+00
+8.0000E-09,+3.7308541908847E+00
+8.5000E-09,+3.8916582092630E+00
+9.0000E-09,+4.0122612230473E+00
+9.5000E-09,+4.1127637345337E+00
+10.0000E-09,+4.1730652414256E+00
+10.5000E-09,+4.2132662460208E+00
+11.0000E-09,+4.2132662460208E+00
+11.5000E-09,+4.2132662460208E+00
+12.0000E-09,+4.2132662460208E+00
+12.5000E-09,+4.2132662460208E+00
+13.0000E-09,+4.1730652414262E+00
+13.5000E-09,+4.2132662460208E+00
+14.0000E-09,+4.2132662460208E+00
+14.5000E-09,+4.1730652414262E+00
+15.0000E-09,+4.2132662460208E+00
+15.5000E-09,+4.2333667483174E+00
+16.0000E-09,+4.3338692598038E+00
+16.5000E-09,+4.3740702643991E+00
+17.0000E-09,+4.4142712689936E+00
+17.5000E-09,+4.4544722735882E+00
+18.0000E-09,+4.4946732781821E+00
+18.5000E-09,+4.4544722735882E+00
+19.0000E-09,+4.4142712689943E+00
+19.5000E-09,+4.3941707666970E+00
+20.0000E-09,+4.3338692598052E+00
+20.5000E-09,+4.2333667483187E+00
+21.0000E-09,+4.1730652414269E+00
+21.5000E-09,+4.1127637345350E+00
+22.0000E-09,+4.0122612230486E+00
+22.5000E-09,+3.9720602184534E+00
+23.0000E-09,+3.9318592138588E+00
+23.5000E-09,+3.8514572046697E+00
+24.0000E-09,+3.8112562000752E+00
+24.5000E-09,+3.8112562000752E+00
+25.0000E-09,+3.8112562000752E+00
+25.5000E-09,+3.8112562000752E+00
+26.0000E-09,+3.8514572046697E+00
+26.5000E-09,+3.8514572046697E+00
+27.0000E-09,+3.8514572046697E+00
+27.5000E-09,+3.8514572046697E+00
+28.0000E-09,+3.8112562000752E+00
+28.5000E-09,+3.7509546931840E+00
+29.0000E-09,+3.6504521816976E+00
+29.5000E-09,+3.5901506748057E+00
+30.0000E-09,+3.4896481633193E+00
+30.5000E-09,+3.4494471587241E+00
+31.0000E-09,+3.4092461541295E+00
+31.5000E-09,+3.3288441449404E+00
+32.0000E-09,+3.2886431403465E+00
+32.5000E-09,+3.2886431403458E+00
+33.0000E-09,+3.2484421357513E+00
+33.5000E-09,+3.2484421357513E+00
+34.0000E-09,+3.2886431403452E+00
+34.5000E-09,+3.2886431403458E+00
+35.0000E-09,+3.2886431403458E+00
+35.5000E-09,+3.3288441449404E+00
+36.0000E-09,+3.3288441449404E+00
+36.5000E-09,+3.3288441449404E+00
+37.0000E-09,+3.2886431403465E+00
+37.5000E-09,+3.2484421357513E+00
+38.0000E-09,+3.2082411311567E+00
+38.5000E-09,+3.1680401265621E+00
+39.0000E-09,+3.1278391219676E+00
+39.5000E-09,+3.0876381173730E+00
+40.0000E-09,+3.0474371127784E+00
+40.5000E-09,+3.0072361081839E+00
+41.0000E-09,+3.0072361081839E+00
+41.5000E-09,+3.0072361081839E+00
+42.0000E-09,+3.0072361081839E+00
+42.5000E-09,+3.0474371127784E+00
+43.0000E-09,+3.0474371127784E+00
+43.5000E-09,+3.0876381173730E+00
+44.0000E-09,+3.1278391219676E+00
+44.5000E-09,+3.1680401265621E+00
+45.0000E-09,+3.1680401265621E+00
+45.5000E-09,+3.1680401265621E+00
+46.0000E-09,+3.1680401265621E+00
+46.5000E-09,+3.1278391219676E+00
+47.0000E-09,+3.0876381173737E+00
+47.5000E-09,+3.0474371127784E+00
+48.0000E-09,+3.0474371127784E+00
+48.5000E-09,+3.0072361081839E+00
+49.0000E-09,+2.9670351035900E+00
+49.5000E-09,+2.9670351035893E+00
+50.0000E-09,+2.9670351035893E+00
+50.5000E-09,+2.9670351035893E+00
+51.0000E-09,+3.0072361081839E+00
+51.5000E-09,+3.0474371127784E+00
+52.0000E-09,+3.0474371127784E+00
+52.5000E-09,+3.1077386196696E+00
+53.0000E-09,+3.1278391219676E+00
+53.5000E-09,+3.1680401265621E+00
+54.0000E-09,+3.1680401265621E+00
+54.5000E-09,+3.1680401265621E+00
+55.0000E-09,+3.1680401265621E+00
+55.5000E-09,+3.1680401265621E+00
+56.0000E-09,+3.1680401265621E+00
+56.5000E-09,+3.1278391219676E+00
+57.0000E-09,+3.0876381173737E+00
+57.5000E-09,+3.0876381173730E+00
+58.0000E-09,+3.0876381173730E+00
+58.5000E-09,+3.0876381173730E+00
+59.0000E-09,+3.0876381173730E+00
+59.5000E-09,+3.1278391219676E+00
+60.0000E-09,+3.1278391219676E+00
+60.5000E-09,+3.1881406288587E+00
+61.0000E-09,+3.2082411311567E+00
+61.5000E-09,+3.2484421357513E+00
+62.0000E-09,+3.2886431403458E+00
+62.5000E-09,+3.3288441449404E+00
+63.0000E-09,+3.3288441449404E+00
+63.5000E-09,+3.3288441449404E+00
+64.0000E-09,+3.3288441449404E+00
+64.5000E-09,+3.3690451495349E+00
+65.0000E-09,+3.3690451495349E+00
+65.5000E-09,+3.3690451495349E+00
+66.0000E-09,+3.3288441449411E+00
+66.5000E-09,+3.3288441449404E+00
+67.0000E-09,+3.3288441449404E+00
+67.5000E-09,+3.3288441449404E+00
+68.0000E-09,+3.3288441449404E+00
+68.5000E-09,+3.3690451495349E+00
+69.0000E-09,+3.4092461541288E+00
+69.5000E-09,+3.4092461541295E+00
+70.0000E-09,+3.4494471587241E+00
+70.5000E-09,+3.4695476610207E+00
+71.0000E-09,+3.4896481633186E+00
+71.5000E-09,+3.5298491679132E+00
+72.0000E-09,+3.5298491679132E+00
+72.5000E-09,+3.5700501725078E+00
+73.0000E-09,+3.5298491679139E+00
+73.5000E-09,+3.5298491679132E+00
+74.0000E-09,+3.5700501725071E+00
+74.5000E-09,+3.5298491679132E+00
+75.0000E-09,+3.4896481633186E+00
+75.5000E-09,+3.4896481633186E+00
+76.0000E-09,+3.4896481633186E+00
+76.5000E-09,+3.4896481633186E+00
+77.0000E-09,+3.4896481633186E+00
+77.5000E-09,+3.4896481633186E+00
+78.0000E-09,+3.5298491679125E+00
+78.5000E-09,+3.5298491679132E+00
+79.0000E-09,+3.5700501725071E+00
+79.5000E-09,+3.5700501725078E+00
+80.0000E-09,+3.5700501725078E+00
+80.5000E-09,+3.5700501725078E+00
+81.0000E-09,+3.5700501725078E+00
+81.5000E-09,+3.5298491679132E+00
+82.0000E-09,+3.5298491679132E+00
+82.5000E-09,+3.5298491679132E+00
+83.0000E-09,+3.4896481633186E+00
+83.5000E-09,+3.4494471587241E+00
+84.0000E-09,+3.4092461541295E+00
+84.5000E-09,+3.4092461541295E+00
+85.0000E-09,+3.3690451495356E+00
+85.5000E-09,+3.3489446472384E+00
+86.0000E-09,+3.3288441449404E+00
+86.5000E-09,+3.3489446472384E+00
+87.0000E-09,+3.3288441449404E+00
+87.5000E-09,+3.3288441449404E+00
+88.0000E-09,+3.3288441449404E+00
+88.5000E-09,+3.3288441449404E+00
+89.0000E-09,+3.3288441449404E+00
+89.5000E-09,+3.3288441449404E+00
+90.0000E-09,+3.3288441449404E+00
+90.5000E-09,+3.3087436426438E+00
+91.0000E-09,+3.2886431403458E+00
+91.5000E-09,+3.2685426380492E+00
+92.0000E-09,+3.2484421357513E+00
+92.5000E-09,+3.2082411311567E+00
+93.0000E-09,+3.1680401265628E+00
+93.5000E-09,+3.1680401265621E+00
+94.0000E-09,+3.1278391219676E+00
+94.5000E-09,+3.1278391219676E+00
+95.0000E-09,+3.1278391219676E+00
+95.5000E-09,+3.1278391219676E+00
+96.0000E-09,+3.1278391219676E+00
+96.5000E-09,+3.1680401265621E+00
+97.0000E-09,+3.1680401265621E+00
+97.5000E-09,+3.1680401265621E+00
+98.0000E-09,+3.1680401265621E+00
+98.5000E-09,+3.1680401265621E+00
+99.0000E-09,+3.1680401265621E+00
+99.5000E-09,+3.1680401265621E+00
+100.0000E-09,+3.1680401265621E+00
+100.5000E-09,+3.1278391219676E+00
+101.0000E-09,+3.1278391219676E+00
+101.5000E-09,+3.1278391219676E+00
+102.0000E-09,+3.1278391219676E+00
+102.5000E-09,+3.1278391219676E+00
+103.0000E-09,+3.1278391219676E+00
+103.5000E-09,+3.1479396242641E+00
+104.0000E-09,+3.1680401265621E+00
+104.5000E-09,+3.1680401265621E+00
+105.0000E-09,+3.1680401265621E+00
+105.5000E-09,+3.2082411311567E+00
+106.0000E-09,+3.2082411311567E+00
+106.5000E-09,+3.2484421357513E+00
+107.0000E-09,+3.2886431403451E+00
+107.5000E-09,+3.2886431403458E+00
+108.0000E-09,+3.2886431403458E+00
+108.5000E-09,+3.3288441449404E+00
+109.0000E-09,+3.3288441449404E+00
+109.5000E-09,+3.3288441449404E+00
+110.0000E-09,+3.3288441449404E+00
+110.5000E-09,+3.3288441449404E+00
+111.0000E-09,+3.3288441449404E+00
+111.5000E-09,+3.3288441449404E+00
+112.0000E-09,+3.3288441449404E+00
+112.5000E-09,+3.3288441449404E+00
+113.0000E-09,+3.3690451495342E+00
+113.5000E-09,+3.3690451495349E+00
+114.0000E-09,+3.4092461541288E+00
+114.5000E-09,+3.4092461541295E+00
+115.0000E-09,+3.4494471587241E+00
+115.5000E-09,+3.4494471587241E+00
+116.0000E-09,+3.4494471587241E+00
+116.5000E-09,+3.4896481633186E+00
+117.0000E-09,+3.4896481633186E+00
+117.5000E-09,+3.4896481633186E+00
+118.0000E-09,+3.4896481633186E+00
+118.5000E-09,+3.4896481633186E+00
+119.0000E-09,+3.4896481633186E+00
+119.5000E-09,+3.4896481633186E+00
+120.0000E-09,+3.4896481633186E+00
+120.5000E-09,+3.4896481633186E+00
+121.0000E-09,+3.4896481633186E+00
+121.5000E-09,+3.4896481633186E+00
+122.0000E-09,+3.4896481633186E+00
+122.5000E-09,+3.4896481633186E+00
+123.0000E-09,+3.4896481633186E+00
+123.5000E-09,+3.4896481633186E+00
+124.0000E-09,+3.4896481633186E+00
+124.5000E-09,+3.4494471587241E+00
+125.0000E-09,+3.4494471587241E+00
+125.5000E-09,+3.4896481633186E+00
+126.0000E-09,+3.4896481633186E+00
+126.5000E-09,+3.4494471587241E+00
+127.0000E-09,+3.4494471587234E+00
+127.5000E-09,+3.4494471587241E+00
+128.0000E-09,+3.4092461541295E+00
+128.5000E-09,+3.4092461541295E+00
+129.0000E-09,+3.4092461541295E+00
+129.5000E-09,+3.3891456518329E+00
+130.0000E-09,+3.3690451495349E+00
+130.5000E-09,+3.3288441449404E+00
+131.0000E-09,+3.3288441449404E+00
+131.5000E-09,+3.3288441449404E+00
+132.0000E-09,+3.3288441449404E+00
+132.5000E-09,+3.3288441449404E+00
+133.0000E-09,+3.3288441449404E+00
+133.5000E-09,+3.3087436426438E+00
+134.0000E-09,+3.2886431403458E+00
+134.5000E-09,+3.2886431403458E+00
+135.0000E-09,+3.2886431403458E+00
+135.5000E-09,+3.2484421357513E+00
+136.0000E-09,+3.2484421357513E+00
+136.5000E-09,+3.2484421357513E+00
+137.0000E-09,+3.2082411311567E+00
+137.5000E-09,+3.2283416334546E+00
+138.0000E-09,+3.2082411311567E+00
+138.5000E-09,+3.1680401265621E+00
+139.0000E-09,+3.1680401265621E+00
+139.5000E-09,+3.1680401265621E+00
+140.0000E-09,+3.1680401265621E+00
+140.5000E-09,+3.2082411311567E+00
+141.0000E-09,+3.2082411311567E+00
+141.5000E-09,+3.2082411311567E+00
+142.0000E-09,+3.2082411311567E+00
+142.5000E-09,+3.2082411311567E+00
+143.0000E-09,+3.2082411311567E+00
+143.5000E-09,+3.2082411311567E+00
+144.0000E-09,+3.1680401265627E+00
+144.5000E-09,+3.1680401265621E+00
+145.0000E-09,+3.1680401265621E+00
+145.5000E-09,+3.1680401265621E+00
+146.0000E-09,+3.1680401265621E+00
+146.5000E-09,+3.2082411311567E+00
+147.0000E-09,+3.2082411311567E+00
+147.5000E-09,+3.2082411311567E+00
+148.0000E-09,+3.2082411311567E+00
+148.5000E-09,+3.2082411311567E+00
+149.0000E-09,+3.2082411311567E+00
+149.5000E-09,+3.2484421357513E+00
+150.0000E-09,+3.2484421357513E+00
+150.5000E-09,+3.2484421357513E+00
+151.0000E-09,+3.2484421357513E+00
+151.5000E-09,+3.2484421357513E+00
+152.0000E-09,+3.2484421357513E+00
+152.5000E-09,+3.2886431403458E+00
+153.0000E-09,+3.3288441449398E+00
+153.5000E-09,+3.3288441449404E+00
+154.0000E-09,+3.3288441449404E+00
+154.5000E-09,+3.3288441449404E+00
+155.0000E-09,+3.3288441449404E+00
+155.5000E-09,+3.3288441449404E+00
+156.0000E-09,+3.3690451495344E+00
+156.5000E-09,+3.3690451495349E+00
+157.0000E-09,+3.3690451495349E+00
+157.5000E-09,+3.3690451495349E+00
+158.0000E-09,+3.4092461541290E+00
+158.5000E-09,+3.4092461541295E+00
+159.0000E-09,+3.4092461541295E+00
+159.5000E-09,+3.4494471587241E+00
+160.0000E-09,+3.4494471587241E+00
+160.5000E-09,+3.4494471587241E+00
+161.0000E-09,+3.4494471587241E+00
+161.5000E-09,+3.4494471587241E+00
+162.0000E-09,+3.4494471587241E+00
+162.5000E-09,+3.4695476610219E+00
+163.0000E-09,+3.4494471587241E+00
+163.5000E-09,+3.4494471587241E+00
+164.0000E-09,+3.4494471587241E+00
+164.5000E-09,+3.4494471587241E+00
+165.0000E-09,+3.4494471587241E+00
+165.5000E-09,+3.4695476610219E+00
+166.0000E-09,+3.4494471587241E+00
+166.5000E-09,+3.4494471587241E+00
+167.0000E-09,+3.4494471587241E+00
+167.5000E-09,+3.4494471587241E+00
+168.0000E-09,+3.4494471587241E+00
+168.5000E-09,+3.4896481633186E+00
+169.0000E-09,+3.4494471587241E+00
+169.5000E-09,+3.4494471587241E+00
+170.0000E-09,+3.4494471587241E+00
+170.5000E-09,+3.4092461541295E+00
+171.0000E-09,+3.4092461541295E+00
+171.5000E-09,+3.4092461541295E+00
+172.0000E-09,+3.4092461541295E+00
+172.5000E-09,+3.3891456518327E+00
+173.0000E-09,+3.3690451495349E+00
+173.5000E-09,+3.3690451495349E+00
+174.0000E-09,+3.3690451495349E+00
+174.5000E-09,+3.3489446472381E+00
+175.0000E-09,+3.3288441449404E+00
+175.5000E-09,+3.3288441449404E+00
+176.0000E-09,+3.3288441449404E+00
+176.5000E-09,+3.3087436426436E+00
+177.0000E-09,+3.2886431403458E+00
+177.5000E-09,+3.2886431403458E+00
+178.0000E-09,+3.2886431403458E+00
+178.5000E-09,+3.2886431403458E+00
+179.0000E-09,+3.2484421357513E+00
+179.5000E-09,+3.2484421357513E+00
+180.0000E-09,+3.2886431403458E+00
+180.5000E-09,+3.2685426380490E+00
+181.0000E-09,+3.2484421357513E+00
+181.5000E-09,+3.2082411311567E+00
+182.0000E-09,+3.2082411311567E+00
+182.5000E-09,+3.2082411311567E+00
+183.0000E-09,+3.2082411311567E+00
+183.5000E-09,+3.2082411311567E+00
+184.0000E-09,+3.2082411311567E+00
+184.5000E-09,+3.2082411311567E+00
+185.0000E-09,+3.2484421357508E+00
+185.5000E-09,+3.2082411311567E+00
+186.0000E-09,+3.2082411311567E+00
+186.5000E-09,+3.2082411311567E+00
+187.0000E-09,+3.2082411311567E+00
+187.5000E-09,+3.2082411311567E+00
+188.0000E-09,+3.2082411311567E+00
+188.5000E-09,+3.2082411311567E+00
+189.0000E-09,+3.2082411311567E+00
+189.5000E-09,+3.2082411311567E+00
+190.0000E-09,+3.2082411311567E+00
+190.5000E-09,+3.2082411311567E+00
+191.0000E-09,+3.2082411311567E+00
+191.5000E-09,+3.2082411311567E+00
+192.0000E-09,+3.2082411311567E+00
+192.5000E-09,+3.2484421357513E+00
+193.0000E-09,+3.2484421357513E+00
+193.5000E-09,+3.2484421357513E+00
+194.0000E-09,+3.2484421357517E+00
+194.5000E-09,+3.2484421357513E+00
+195.0000E-09,+3.2484421357513E+00
+195.5000E-09,+3.2886431403458E+00
+196.0000E-09,+3.2886431403458E+00
+196.5000E-09,+3.2886431403458E+00
+197.0000E-09,+3.2886431403458E+00
+197.5000E-09,+3.3288441449404E+00
+198.0000E-09,+3.3288441449404E+00
+198.5000E-09,+3.3288441449404E+00
+199.0000E-09,+3.3690451495346E+00
+199.5000E-09,+3.3288441449404E+00
+200.0000E-09,+3.3288441449404E+00
+200.5000E-09,+3.3690451495349E+00
+201.0000E-09,+3.3690451495349E+00
+201.5000E-09,+3.3690451495349E+00
+202.0000E-09,+3.3690451495349E+00
+202.5000E-09,+3.3690451495349E+00
+203.0000E-09,+3.3690451495349E+00
+203.5000E-09,+3.4092461541295E+00
+204.0000E-09,+3.4092461541295E+00
+204.5000E-09,+3.4092461541295E+00
+205.0000E-09,+3.4092461541295E+00
+205.5000E-09,+3.4092461541295E+00
+206.0000E-09,+3.4494471587237E+00
+206.5000E-09,+3.4092461541295E+00
+207.0000E-09,+3.4092461541298E+00
+207.5000E-09,+3.4092461541295E+00
+208.0000E-09,+3.4494471587241E+00
+208.5000E-09,+3.4494471587241E+00
+209.0000E-09,+3.4494471587241E+00
+209.5000E-09,+3.4092461541295E+00
+210.0000E-09,+3.4092461541295E+00
+210.5000E-09,+3.4494471587241E+00
+211.0000E-09,+3.4494471587241E+00
+211.5000E-09,+3.4092461541295E+00
+212.0000E-09,+3.4092461541295E+00
+212.5000E-09,+3.4092461541295E+00
+213.0000E-09,+3.4092461541295E+00
+213.5000E-09,+3.3891456518319E+00
+214.0000E-09,+3.4092461541295E+00
+214.5000E-09,+3.4092461541295E+00
+215.0000E-09,+3.3690451495352E+00
+215.5000E-09,+3.3690451495349E+00
+216.0000E-09,+3.3690451495349E+00
+216.5000E-09,+3.3690451495349E+00
+217.0000E-09,+3.3690451495349E+00
+217.5000E-09,+3.3489446472380E+00
+218.0000E-09,+3.3690451495349E+00
+218.5000E-09,+3.3288441449404E+00
+219.0000E-09,+3.3288441449404E+00
+219.5000E-09,+3.3288441449404E+00
+220.0000E-09,+3.3288441449404E+00
+220.5000E-09,+3.2886431403458E+00
+221.0000E-09,+3.2886431403458E+00
+221.5000E-09,+3.2886431403458E+00
+222.0000E-09,+3.2886431403458E+00
+222.5000E-09,+3.2886431403458E+00
+223.0000E-09,+3.2886431403458E+00
+223.5000E-09,+3.2886431403458E+00
+224.0000E-09,+3.2886431403458E+00
+224.5000E-09,+3.2886431403458E+00
+225.0000E-09,+3.2484421357513E+00
+225.5000E-09,+3.2484421357513E+00
+226.0000E-09,+3.2484421357515E+00
+226.5000E-09,+3.2484421357513E+00
+227.0000E-09,+3.2484421357513E+00
+227.5000E-09,+3.2484421357513E+00
+228.0000E-09,+3.2082411311569E+00
+228.5000E-09,+3.2082411311567E+00
+229.0000E-09,+3.2082411311567E+00
+229.5000E-09,+3.2484421357513E+00
+230.0000E-09,+3.2484421357513E+00
+230.5000E-09,+3.2484421357513E+00
+231.0000E-09,+3.2484421357513E+00
+231.5000E-09,+3.2082411311567E+00
+232.0000E-09,+3.2082411311567E+00
+232.5000E-09,+3.2283416334542E+00
+233.0000E-09,+3.2484421357513E+00
+233.5000E-09,+3.2484421357513E+00
+234.0000E-09,+3.2484421357513E+00
+234.5000E-09,+3.2484421357513E+00
+235.0000E-09,+3.2484421357513E+00
+235.5000E-09,+3.2685426380483E+00
+236.0000E-09,+3.2484421357515E+00
+236.5000E-09,+3.2484421357513E+00
+237.0000E-09,+3.2886431403456E+00
+237.5000E-09,+3.2886431403458E+00
+238.0000E-09,+3.2886431403458E+00
+238.5000E-09,+3.2886431403458E+00
+239.0000E-09,+3.3288441449402E+00
+239.5000E-09,+3.2886431403458E+00
+240.0000E-09,+3.3288441449404E+00
+240.5000E-09,+3.2886431403458E+00
+241.0000E-09,+3.2886431403458E+00
+241.5000E-09,+3.3288441449404E+00
+242.0000E-09,+3.3288441449404E+00
+242.5000E-09,+3.3288441449404E+00
+243.0000E-09,+3.3690451495349E+00
+243.5000E-09,+3.3690451495349E+00
+244.0000E-09,+3.3690451495349E+00
+244.5000E-09,+3.3690451495349E+00
+245.0000E-09,+3.3690451495349E+00
+245.5000E-09,+3.3489446472374E+00
+246.0000E-09,+3.3690451495349E+00
+246.5000E-09,+3.3690451495349E+00
+247.0000E-09,+3.3690451495349E+00
+247.5000E-09,+3.3690451495349E+00
+248.0000E-09,+3.3690451495349E+00
+248.5000E-09,+3.4092461541295E+00
+249.0000E-09,+3.4092461541295E+00
+249.5000E-09,+3.3690451495349E+00
+250.0000E-09,+3.4092461541295E+00
+250.5000E-09,+3.4092461541295E+00
+251.0000E-09,+3.4092461541295E+00
+251.5000E-09,+3.4092461541295E+00
+252.0000E-09,+3.3690451495349E+00
+252.5000E-09,+3.3690451495349E+00
+253.0000E-09,+3.4092461541295E+00
+253.5000E-09,+3.3891456518325E+00
+254.0000E-09,+3.3690451495349E+00
+254.5000E-09,+3.3690451495349E+00
+255.0000E-09,+3.3690451495349E+00
+255.5000E-09,+3.3690451495349E+00
+256.0000E-09,+3.3690451495349E+00
+256.5000E-09,+3.3690451495349E+00
+257.0000E-09,+3.4092461541295E+00
+257.5000E-09,+3.3891456518326E+00
+258.0000E-09,+3.3690451495349E+00
+258.5000E-09,+3.3288441449404E+00
+259.0000E-09,+3.3690451495346E+00
+259.5000E-09,+3.3690451495349E+00
+260.0000E-09,+3.3690451495349E+00
+260.5000E-09,+3.3288441449404E+00
+261.0000E-09,+3.3288441449404E+00
+261.5000E-09,+3.3288441449404E+00
+262.0000E-09,+3.3288441449404E+00
+262.5000E-09,+3.3288441449404E+00
+263.0000E-09,+3.3288441449404E+00
+263.5000E-09,+3.3288441449404E+00
+264.0000E-09,+3.3288441449404E+00
+264.5000E-09,+3.3087436426435E+00
+265.0000E-09,+3.2886431403458E+00
+265.5000E-09,+3.2886431403458E+00
+266.0000E-09,+3.3288441449400E+00
+266.5000E-09,+3.3087436426435E+00
+267.0000E-09,+3.2886431403458E+00
+267.5000E-09,+3.2886431403458E+00
+268.0000E-09,+3.2886431403458E+00
+268.5000E-09,+3.2886431403458E+00
+269.0000E-09,+3.3288441449400E+00
+269.5000E-09,+3.3288441449404E+00
+270.0000E-09,+3.2886431403462E+00
+270.5000E-09,+3.2886431403458E+00
+271.0000E-09,+3.2886431403458E+00
+271.5000E-09,+3.2886431403458E+00
+272.0000E-09,+3.2886431403458E+00
+272.5000E-09,+3.2886431403458E+00
+273.0000E-09,+3.2886431403458E+00
+273.5000E-09,+3.2886431403458E+00
+274.0000E-09,+3.2886431403458E+00
+274.5000E-09,+3.2886431403458E+00
+275.0000E-09,+3.2886431403458E+00
+275.5000E-09,+3.2886431403458E+00
+276.0000E-09,+3.2886431403458E+00
+276.5000E-09,+3.2886431403458E+00
+277.0000E-09,+3.2886431403458E+00
+277.5000E-09,+3.2886431403458E+00
+278.0000E-09,+3.3288441449399E+00
+278.5000E-09,+3.3288441449404E+00
+279.0000E-09,+3.3288441449404E+00
+279.5000E-09,+3.2886431403458E+00
+280.0000E-09,+3.2886431403458E+00
+280.5000E-09,+3.3288441449404E+00
+281.0000E-09,+3.3288441449404E+00
+281.5000E-09,+3.3087436426436E+00
+282.0000E-09,+3.2886431403458E+00
+282.5000E-09,+3.3087436426426E+00
+283.0000E-09,+3.3288441449404E+00
+283.5000E-09,+3.3288441449404E+00
+284.0000E-09,+3.3288441449399E+00
+284.5000E-09,+3.3288441449404E+00
+285.0000E-09,+3.3690451495349E+00
+285.5000E-09,+3.3690451495349E+00
+286.0000E-09,+3.3288441449404E+00
+286.5000E-09,+3.3489446472382E+00
+287.0000E-09,+3.3288441449404E+00
+287.5000E-09,+3.3489446472372E+00
+288.0000E-09,+3.3690451495349E+00
+288.5000E-09,+3.3690451495349E+00
+289.0000E-09,+3.3690451495349E+00
+289.5000E-09,+3.3690451495349E+00
+290.0000E-09,+3.3690451495349E+00
+290.5000E-09,+3.3690451495349E+00
+291.0000E-09,+3.3690451495349E+00
+291.5000E-09,+3.3690451495349E+00
+292.0000E-09,+3.3690451495349E+00
+292.5000E-09,+3.3690451495349E+00
+293.0000E-09,+3.3690451495349E+00
+293.5000E-09,+3.3690451495349E+00
+294.0000E-09,+3.3690451495349E+00
+294.5000E-09,+3.3690451495349E+00
+295.0000E-09,+3.3690451495349E+00
+295.5000E-09,+3.3891456518317E+00
+296.0000E-09,+3.4092461541295E+00
+296.5000E-09,+3.3690451495349E+00
+297.0000E-09,+3.3288441449404E+00
+297.5000E-09,+3.3690451495349E+00
+298.0000E-09,+3.3690451495349E+00
+298.5000E-09,+3.3690451495349E+00
+299.0000E-09,+3.3690451495349E+00
+299.5000E-09,+3.3690451495349E+00
+300.0000E-09,+3.3690451495349E+00
+300.5000E-09,+3.3690451495349E+00
+301.0000E-09,+3.3690451495344E+00
+301.5000E-09,+3.3690451495349E+00
+302.0000E-09,+3.3690451495349E+00
+302.5000E-09,+3.3690451495349E+00
+303.0000E-09,+3.3288441449404E+00
+303.5000E-09,+3.3288441449404E+00
+304.0000E-09,+3.3288441449404E+00
+304.5000E-09,+3.3288441449404E+00
+305.0000E-09,+3.3288441449404E+00
+305.5000E-09,+3.3288441449404E+00
+306.0000E-09,+3.3288441449404E+00
+306.5000E-09,+3.3288441449404E+00
+307.0000E-09,+3.3288441449404E+00
+307.5000E-09,+3.3288441449404E+00
+308.0000E-09,+3.3288441449404E+00
+308.5000E-09,+3.3288441449404E+00
+309.0000E-09,+3.3288441449404E+00
+309.5000E-09,+3.2886431403458E+00
+310.0000E-09,+3.2886431403458E+00
+310.5000E-09,+3.2886431403458E+00
+311.0000E-09,+3.2886431403458E+00
+311.5000E-09,+3.3288441449404E+00
+312.0000E-09,+3.2886431403458E+00
+312.5000E-09,+3.2886431403458E+00
+313.0000E-09,+3.2886431403458E+00
+313.5000E-09,+3.2886431403458E+00
+314.0000E-09,+3.2886431403458E+00
+314.5000E-09,+3.2886431403458E+00
+315.0000E-09,+3.2886431403458E+00
+315.5000E-09,+3.2886431403458E+00
+316.0000E-09,+3.2886431403458E+00
+316.5000E-09,+3.2886431403458E+00
+317.0000E-09,+3.2886431403458E+00
+317.5000E-09,+3.2886431403458E+00
+318.0000E-09,+3.2886431403458E+00
+318.5000E-09,+3.2886431403458E+00
+319.0000E-09,+3.2886431403458E+00
+319.5000E-09,+3.2886431403458E+00
+320.0000E-09,+3.2886431403458E+00
+320.5000E-09,+3.2886431403458E+00
+321.0000E-09,+3.2886431403458E+00
+321.5000E-09,+3.2886431403458E+00
+322.0000E-09,+3.2886431403465E+00
+322.5000E-09,+3.2886431403458E+00
+323.0000E-09,+3.2886431403458E+00
+323.5000E-09,+3.2886431403458E+00
+324.0000E-09,+3.2886431403458E+00
+324.5000E-09,+3.3288441449404E+00
+325.0000E-09,+3.3288441449404E+00
+325.5000E-09,+3.3288441449404E+00
+326.0000E-09,+3.3288441449404E+00
+326.5000E-09,+3.3288441449404E+00
+327.0000E-09,+3.3288441449404E+00
+327.5000E-09,+3.3288441449404E+00
+328.0000E-09,+3.3288441449404E+00
+328.5000E-09,+3.3288441449404E+00
+329.0000E-09,+3.3288441449404E+00
+329.5000E-09,+3.3288441449404E+00
+330.0000E-09,+3.3288441449404E+00
+330.5000E-09,+3.3288441449404E+00
+331.0000E-09,+3.3288441449404E+00
+331.5000E-09,+3.3288441449404E+00
+332.0000E-09,+3.3288441449404E+00
+332.5000E-09,+3.3690451495349E+00
+333.0000E-09,+3.3690451495349E+00
+333.5000E-09,+3.3690451495349E+00
+334.0000E-09,+3.3690451495349E+00
+334.5000E-09,+3.3690451495349E+00
+335.0000E-09,+3.3690451495349E+00
+335.5000E-09,+3.3288441449404E+00
+336.0000E-09,+3.3288441449404E+00
+336.5000E-09,+3.3288441449404E+00
+337.0000E-09,+3.3288441449404E+00
+337.5000E-09,+3.3288441449404E+00
+338.0000E-09,+3.3288441449404E+00
+338.5000E-09,+3.3288441449404E+00
+339.0000E-09,+3.3288441449404E+00
+339.5000E-09,+3.3690451495349E+00
+340.0000E-09,+3.3690451495349E+00
+340.5000E-09,+3.3288441449404E+00
+341.0000E-09,+3.3288441449404E+00
+341.5000E-09,+3.3690451495349E+00
+342.0000E-09,+3.3690451495349E+00
+342.5000E-09,+3.3690451495349E+00
+343.0000E-09,+3.3690451495349E+00
+343.5000E-09,+3.3288441449404E+00
+344.0000E-09,+3.3288441449404E+00
+344.5000E-09,+3.3288441449404E+00
+345.0000E-09,+3.3288441449404E+00
+345.5000E-09,+3.3288441449404E+00
+346.0000E-09,+3.3288441449404E+00
+346.5000E-09,+3.3288441449404E+00
+347.0000E-09,+3.3288441449404E+00
+347.5000E-09,+3.3288441449404E+00
+348.0000E-09,+3.3288441449404E+00
+348.5000E-09,+3.3288441449404E+00
+349.0000E-09,+3.2886431403458E+00
+349.5000E-09,+3.3288441449404E+00
+350.0000E-09,+3.3288441449404E+00
+350.5000E-09,+3.2886431403458E+00
+351.0000E-09,+3.2886431403458E+00
+351.5000E-09,+3.3087436426440E+00
+352.0000E-09,+3.2886431403458E+00
+352.5000E-09,+3.3087436426422E+00
+353.0000E-09,+3.3288441449404E+00
+353.5000E-09,+3.3288441449404E+00
+354.0000E-09,+3.3288441449404E+00
+354.5000E-09,+3.2886431403458E+00
+355.0000E-09,+3.2886431403458E+00
+355.5000E-09,+3.2685426380476E+00
+356.0000E-09,+3.2886431403458E+00
+356.5000E-09,+3.2886431403458E+00
+357.0000E-09,+3.2886431403458E+00
+357.5000E-09,+3.2886431403458E+00
+358.0000E-09,+3.2886431403458E+00
+358.5000E-09,+3.2886431403458E+00
+359.0000E-09,+3.2886431403458E+00
+359.5000E-09,+3.2886431403458E+00
+360.0000E-09,+3.2886431403458E+00
+360.5000E-09,+3.2886431403458E+00
+361.0000E-09,+3.2886431403458E+00
+361.5000E-09,+3.2886431403458E+00
+362.0000E-09,+3.2886431403458E+00
+362.5000E-09,+3.2886431403458E+00
+363.0000E-09,+3.2886431403458E+00
+363.5000E-09,+3.2886431403458E+00
+364.0000E-09,+3.2886431403458E+00
+364.5000E-09,+3.2886431403458E+00
+365.0000E-09,+3.2886431403458E+00
+365.5000E-09,+3.2886431403458E+00
+366.0000E-09,+3.2886431403458E+00
+366.5000E-09,+3.3087436426441E+00
+367.0000E-09,+3.2886431403458E+00
+367.5000E-09,+3.2886431403458E+00
+368.0000E-09,+3.2886431403458E+00
+368.5000E-09,+3.2886431403458E+00
+369.0000E-09,+3.2886431403458E+00
+369.5000E-09,+3.2886431403458E+00
+370.0000E-09,+3.3288441449394E+00
+370.5000E-09,+3.3087436426421E+00
+371.0000E-09,+3.3288441449404E+00
+371.5000E-09,+3.3288441449404E+00
+372.0000E-09,+3.3288441449404E+00
+372.5000E-09,+3.3288441449404E+00
+373.0000E-09,+3.3288441449404E+00
+373.5000E-09,+3.3288441449404E+00
+374.0000E-09,+3.3288441449404E+00
+374.5000E-09,+3.3288441449404E+00
+375.0000E-09,+3.3288441449404E+00
+375.5000E-09,+3.3288441449404E+00
+376.0000E-09,+3.3288441449404E+00
+376.5000E-09,+3.3288441449404E+00
+377.0000E-09,+3.3288441449404E+00
+377.5000E-09,+3.3288441449404E+00
+378.0000E-09,+3.3288441449404E+00
+378.5000E-09,+3.3489446472387E+00
+379.0000E-09,+3.3288441449404E+00
+379.5000E-09,+3.3489446472366E+00
+380.0000E-09,+3.3288441449404E+00
+380.5000E-09,+3.3288441449404E+00
+381.0000E-09,+3.3288441449404E+00
+381.5000E-09,+3.3288441449404E+00
+382.0000E-09,+3.3288441449404E+00
+382.5000E-09,+3.3288441449404E+00
+383.0000E-09,+3.3288441449404E+00
+383.5000E-09,+3.3288441449404E+00
+384.0000E-09,+3.3288441449415E+00
+384.5000E-09,+3.3690451495349E+00
+385.0000E-09,+3.3288441449404E+00
+385.5000E-09,+3.3288441449404E+00
+386.0000E-09,+3.3288441449404E+00
+386.5000E-09,+3.3288441449404E+00
+387.0000E-09,+3.3288441449404E+00
+387.5000E-09,+3.3288441449404E+00
+388.0000E-09,+3.3288441449404E+00
+388.5000E-09,+3.3288441449404E+00
+389.0000E-09,+3.3288441449404E+00
+389.5000E-09,+3.3288441449404E+00
+390.0000E-09,+3.3288441449404E+00
+390.5000E-09,+3.3087436426420E+00
+391.0000E-09,+3.3288441449404E+00
+391.5000E-09,+3.3288441449404E+00
+392.0000E-09,+3.3288441449404E+00
+392.5000E-09,+3.3288441449404E+00
+393.0000E-09,+3.3288441449404E+00
+393.5000E-09,+3.3288441449404E+00
+394.0000E-09,+3.3288441449404E+00
+394.5000E-09,+3.3288441449404E+00
+395.0000E-09,+3.3288441449404E+00
+395.5000E-09,+3.2886431403458E+00
+396.0000E-09,+3.2886431403458E+00
+396.5000E-09,+3.2886431403458E+00
+397.0000E-09,+3.2886431403458E+00
+397.5000E-09,+3.2886431403458E+00
+398.0000E-09,+3.2886431403458E+00
+398.5000E-09,+3.2886431403458E+00
+399.0000E-09,+3.2886431403458E+00
+399.5000E-09,+3.2886431403458E+00
+400.0000E-09,+3.2886431403458E+00
+400.5000E-09,+3.2886431403458E+00
+401.0000E-09,+3.2886431403458E+00
+401.5000E-09,+3.2886431403458E+00
+402.0000E-09,+3.2886431403458E+00
+402.5000E-09,+3.2886431403458E+00
+403.0000E-09,+3.2886431403458E+00
+403.5000E-09,+3.3087436426419E+00
+404.0000E-09,+3.3288441449404E+00
+404.5000E-09,+3.3288441449404E+00
+405.0000E-09,+3.3288441449404E+00
+405.5000E-09,+3.2886431403458E+00
+406.0000E-09,+3.2484421357525E+00
+406.5000E-09,+3.2685426380473E+00
+407.0000E-09,+3.2886431403458E+00
+407.5000E-09,+3.2886431403458E+00
+408.0000E-09,+3.2886431403458E+00
+408.5000E-09,+3.2886431403458E+00
+409.0000E-09,+3.2886431403458E+00
+409.5000E-09,+3.3288441449404E+00
+410.0000E-09,+3.2886431403471E+00
+410.5000E-09,+3.2886431403458E+00
+411.0000E-09,+3.2886431403458E+00
+411.5000E-09,+3.2886431403458E+00
+412.0000E-09,+3.2886431403458E+00
+412.5000E-09,+3.2886431403458E+00
+413.0000E-09,+3.3288441449404E+00
+413.5000E-09,+3.3288441449404E+00
+414.0000E-09,+3.2886431403458E+00
+414.5000E-09,+3.3288441449404E+00
+415.0000E-09,+3.3288441449404E+00
+415.5000E-09,+3.3288441449404E+00
+416.0000E-09,+3.3288441449404E+00
+416.5000E-09,+3.3288441449404E+00
+417.0000E-09,+3.3288441449404E+00
+417.5000E-09,+3.3288441449404E+00
+418.0000E-09,+3.3288441449404E+00
+418.5000E-09,+3.3288441449404E+00
+419.0000E-09,+3.3288441449404E+00
+419.5000E-09,+3.3288441449404E+00
+420.0000E-09,+3.3288441449404E+00
+420.5000E-09,+3.3288441449404E+00
+421.0000E-09,+3.3288441449404E+00
+421.5000E-09,+3.3288441449404E+00
+422.0000E-09,+3.3288441449404E+00
+422.5000E-09,+3.3288441449404E+00
+423.0000E-09,+3.3288441449404E+00
+423.5000E-09,+3.3288441449404E+00
+424.0000E-09,+3.3288441449404E+00
+424.5000E-09,+3.3690451495349E+00
+425.0000E-09,+3.3288441449417E+00
+425.5000E-09,+3.3288441449404E+00
+426.0000E-09,+3.3690451495336E+00
+426.5000E-09,+3.3288441449404E+00
+427.0000E-09,+3.3288441449404E+00
+427.5000E-09,+3.3288441449404E+00
+428.0000E-09,+3.3288441449404E+00
+428.5000E-09,+3.3087436426445E+00
+429.0000E-09,+3.3288441449404E+00
+429.5000E-09,+3.3288441449404E+00
+430.0000E-09,+3.3288441449404E+00
+430.5000E-09,+3.3288441449404E+00
+431.0000E-09,+3.3288441449404E+00
+431.5000E-09,+3.3288441449404E+00
+432.0000E-09,+3.3288441449404E+00
+432.5000E-09,+3.3288441449404E+00
+433.0000E-09,+3.3288441449404E+00
+433.5000E-09,+3.3288441449404E+00
+434.0000E-09,+3.2886431403458E+00
+434.5000E-09,+3.3288441449404E+00
+435.0000E-09,+3.3288441449404E+00
+435.5000E-09,+3.3288441449404E+00
+436.0000E-09,+3.2886431403472E+00
+436.5000E-09,+3.3288441449404E+00
+437.0000E-09,+3.3288441449404E+00
+437.5000E-09,+3.2886431403458E+00
+438.0000E-09,+3.2886431403458E+00
+438.5000E-09,+3.3288441449404E+00
+439.0000E-09,+3.3288441449404E+00
+439.5000E-09,+3.3288441449404E+00
+440.0000E-09,+3.3288441449404E+00
+440.5000E-09,+3.2886431403458E+00
+441.0000E-09,+3.2886431403458E+00
+441.5000E-09,+3.2886431403458E+00
+442.0000E-09,+3.2886431403458E+00
+442.5000E-09,+3.2886431403458E+00
+443.0000E-09,+3.2886431403458E+00
+443.5000E-09,+3.2886431403458E+00
+444.0000E-09,+3.2886431403458E+00
+444.5000E-09,+3.2886431403458E+00
+445.0000E-09,+3.2886431403458E+00
+445.5000E-09,+3.2886431403458E+00
+446.0000E-09,+3.2886431403458E+00
+446.5000E-09,+3.2886431403458E+00
+447.0000E-09,+3.2886431403458E+00
+447.5000E-09,+3.3087436426446E+00
+448.0000E-09,+3.2886431403458E+00
+448.5000E-09,+3.2886431403458E+00
+449.0000E-09,+3.2886431403458E+00
+449.5000E-09,+3.2886431403458E+00
+450.0000E-09,+3.2886431403458E+00
+450.5000E-09,+3.2484421357513E+00
+451.0000E-09,+3.2886431403443E+00
+451.5000E-09,+3.2886431403458E+00
+452.0000E-09,+3.2886431403458E+00
+452.5000E-09,+3.2886431403458E+00
+453.0000E-09,+3.2886431403458E+00
+453.5000E-09,+3.2886431403458E+00
+454.0000E-09,+3.3288441449404E+00
+454.5000E-09,+3.2886431403458E+00
+455.0000E-09,+3.2886431403458E+00
+455.5000E-09,+3.2886431403458E+00
+456.0000E-09,+3.2886431403458E+00
+456.5000E-09,+3.2886431403458E+00
+457.0000E-09,+3.2886431403458E+00
+457.5000E-09,+3.2886431403458E+00
+458.0000E-09,+3.3288441449388E+00
+458.5000E-09,+3.2886431403458E+00
+459.0000E-09,+3.2886431403458E+00
+459.5000E-09,+3.2886431403458E+00
+460.0000E-09,+3.3288441449404E+00
+460.5000E-09,+3.3288441449404E+00
+461.0000E-09,+3.3288441449404E+00
+461.5000E-09,+3.3288441449404E+00
+462.0000E-09,+3.3288441449388E+00
+462.5000E-09,+3.3288441449404E+00
+463.0000E-09,+3.3288441449404E+00
+463.5000E-09,+3.3288441449404E+00
+464.0000E-09,+3.3288441449404E+00
+464.5000E-09,+3.3288441449404E+00
+465.0000E-09,+3.3288441449404E+00
+465.5000E-09,+3.3288441449404E+00
+466.0000E-09,+3.3288441449404E+00
+466.5000E-09,+3.3288441449404E+00
+467.0000E-09,+3.3288441449404E+00
+467.5000E-09,+3.3288441449404E+00
+468.0000E-09,+3.3288441449404E+00
+468.5000E-09,+3.3288441449404E+00
+469.0000E-09,+3.3288441449404E+00
+469.5000E-09,+3.3288441449404E+00
+470.0000E-09,+3.3288441449404E+00
+470.5000E-09,+3.3288441449404E+00
+471.0000E-09,+3.3288441449404E+00
+471.5000E-09,+3.3288441449404E+00
+472.0000E-09,+3.3288441449404E+00
+472.5000E-09,+3.3288441449404E+00
+473.0000E-09,+3.2886431403475E+00
+473.5000E-09,+3.3087436426415E+00
+474.0000E-09,+3.3288441449404E+00
+474.5000E-09,+3.3288441449404E+00
+475.0000E-09,+3.3288441449404E+00
+475.5000E-09,+3.2886431403458E+00
+476.0000E-09,+3.3288441449387E+00
+476.5000E-09,+3.3288441449404E+00
+477.0000E-09,+3.3288441449404E+00
+477.5000E-09,+3.3288441449404E+00
+478.0000E-09,+3.3288441449404E+00
+478.5000E-09,+3.2886431403458E+00
+479.0000E-09,+3.3288441449388E+00
+479.5000E-09,+3.3288441449404E+00
+480.0000E-09,+3.3288441449404E+00
+480.5000E-09,+3.3288441449404E+00
+481.0000E-09,+3.3288441449404E+00
+481.5000E-09,+3.3288441449404E+00
+482.0000E-09,+3.3288441449404E+00
+482.5000E-09,+3.3288441449404E+00
+483.0000E-09,+3.3288441449388E+00
+483.5000E-09,+3.3288441449404E+00
+484.0000E-09,+3.2886431403458E+00
+484.5000E-09,+3.3087436426416E+00
+485.0000E-09,+3.3288441449404E+00
+485.5000E-09,+3.3288441449404E+00
+486.0000E-09,+3.3288441449404E+00
+486.5000E-09,+3.3288441449404E+00
+487.0000E-09,+3.3288441449404E+00
+487.5000E-09,+3.2886431403458E+00
+488.0000E-09,+3.3288441449404E+00
+488.5000E-09,+3.3288441449404E+00
+489.0000E-09,+3.3288441449404E+00
+489.5000E-09,+3.3288441449404E+00
+490.0000E-09,+3.3288441449404E+00
+490.5000E-09,+3.2886431403458E+00
+491.0000E-09,+3.3288441449404E+00
+491.5000E-09,+3.3288441449404E+00
+492.0000E-09,+3.3288441449404E+00
+492.5000E-09,+3.3288441449404E+00
+493.0000E-09,+3.3288441449404E+00
+493.5000E-09,+3.3288441449404E+00
+494.0000E-09,+3.3288441449404E+00
+494.5000E-09,+3.3288441449404E+00
+495.0000E-09,+3.3288441449404E+00
+495.5000E-09,+3.2886431403458E+00
+496.0000E-09,+3.3288441449404E+00
+496.5000E-09,+3.3288441449404E+00
+497.0000E-09,+3.2886431403458E+00
+497.5000E-09,+3.3087436426417E+00
+498.0000E-09,+3.3288441449404E+00
+498.5000E-09,+3.3288441449404E+00
+499.0000E-09,+3.3288441449404E+00
+499.5000E-09,+3.3288441449404E+00
